review_id,store_item_id,store_name,user_id,taste_match_rate,is_similar_user,satisfaction,has_text,review_text,has_photo,photo_count,receipt_verified,visit_day_type,visit_time,reported_wait_min
review_0001,macao_cookie_01,오븐스테이 성수,맛있으면우는개구리,67,FALSE,만족,TRUE,겉이 파삭 깨지고 속이 촉촉해서 식감 대비가 좋았어요. 사람 많은 것만 빼면 굿..!!,TRUE,2,TRUE,평일,점심,65
review_0002,macao_cookie_01,오븐스테이 성수,쫀득감별사,86,TRUE,불만족,TRUE,"유명한 이유는 알겠음. 사진 잘 나오고 크랙 소리도 좋음. 근데 나는 단맛이 너무 세서 반 개 먹고 물렸고, 커스터드도 좀 무겁게 느껴졌다. 웨이팅 50분까지 포함하면 만족 누르긴 어렵다ㅠ",TRUE,3,TRUE,주말,아침,70
review_0003,macao_cookie_01,오븐스테이 성수,디저트광공,69,FALSE,만족,TRUE,크랙감은 여기 진짜 확실함. 숟가락 말고 손으로 잘라도 겉이 파삭 갈라져서 재밌었음.,TRUE,2,TRUE,주말,오전,70
review_0004,macao_cookie_01,오븐스테이 성수,계란빵친구,55,FALSE,만족,TRUE,사진보다 실물이 더 예쁨✨ 반갈샷 찍기 좋고 크림 흐르는 느낌이 미쳤다.,TRUE,2,TRUE,평일,점심,70
review_0005,macao_cookie_01,오븐스테이 성수,카페인수혈중,67,FALSE,만족,TRUE,겉 코팅이 살짝 달고 안쪽 크림도 달아서 당 충전 제대로 됨. 피곤한 날 먹기 좋음.,FALSE,0,FALSE,주말,아침,55
review_0006,macao_cookie_01,오븐스테이 성수,맛있으면우는개구리,58,FALSE,만족,TRUE,친구가 왜 난리냐고 했는데 먹고 조용해짐ㅋㅋㅋ 달긴 한데 맛있게 단맛,TRUE,2,TRUE,평일,저녁,65
review_0007,macao_cookie_01,오븐스테이 성수,빵에진심,81,TRUE,만족,TRUE,한입 먹고 너무 달다 싶다가도 계속 손이 감. 약간 위험한 맛…ㅎ,TRUE,2,FALSE,평일,점심,50
review_0008,macao_cookie_01,오븐스테이 성수,당충전필수,44,FALSE,만족,TRUE,유명한 곳답게 완성도는 있음. 특히 코팅이 균일해서 식감이 일정했다.,TRUE,4,TRUE,주말,아침,60
review_0009,macao_cookie_01,오븐스테이 성수,크림많이파,69,FALSE,만족,TRUE,처음엔 너무 달아서 놀랐는데 커피랑 먹으니 딱 맞았음. 단맛 강한 거 참고하세여,TRUE,4,TRUE,주말,점심,55
review_0010,macao_cookie_01,오븐스테이 성수,커스터드러버,75,TRUE,만족,TRUE,기대가 너무 컸는데도 나름 충족됨. 단맛 강한 디저트 좋아하면 후회 없을 듯!,TRUE,2,TRUE,평일,저녁,45
review_0011,macao_cookie_01,오븐스테이 성수,웨이팅싫어,51,FALSE,불만족,TRUE,맛이 아예 없는 건 아닌데 기다린 시간이 너무 길어서 기대치가 미친 듯이 올라감… 그래서 먹자마자 ‘음 맛있네 근데 이 정도라고?’가 됨. 겉 코팅은 확실히 재밌는데 단맛이 강해서 뒤로 갈수록 좀 질렸음.,TRUE,4,TRUE,주말,점심,35
review_0012,macao_cookie_01,오븐스테이 성수,한입만요,59,FALSE,만족,TRUE,나 원래 유행템 잘 안 믿는데 이건 인정. 특히 첫입에 코팅 깨지는 식감이 기억남 ✨,FALSE,0,TRUE,주말,점심,50
review_0013,macao_cookie_01,오븐스테이 성수,먹짱고라니,62,FALSE,만족,TRUE,커피랑 같이 먹으면 밸런스 괜찮음. 그냥 먹으면 확실히 달고 묵직하다.,TRUE,1,TRUE,주말,오후,45
review_0014,macao_cookie_01,오븐스테이 성수,입짧은먹깨비,84,TRUE,만족,TRUE,마카오 에그타르트 느낌이 쿠키로 바뀐 게 생각보다 자연스러움. 아이디어 좋다. 😋,TRUE,4,TRUE,평일,오후,40
review_0015,macao_cookie_01,오븐스테이 성수,성수개미,56,FALSE,만족,FALSE,,TRUE,1,TRUE,주말,오후,65
review_0016,macao_cookie_01,오븐스테이 성수,쿠키헌터,86,TRUE,불만족,TRUE,커스터드가 많긴 한데 전체적으로 무겁고 느끼했다. 아아 없으면 힘들 듯.,TRUE,2,TRUE,주말,저녁,50
review_0017,macao_cookie_01,오븐스테이 성수,디저트는못참지,87,TRUE,만족,TRUE,기본 커스터드 먹었는데 크림 진하고 쿠키 바디가 부드러움. 겉만 딱딱한 게 아니라 좋았음.,TRUE,2,TRUE,평일,오전,35
review_0018,macao_cookie_01,오븐스테이 성수,기본맛수호자,40,FALSE,만족,TRUE,이거 먹으려고 성수 온 건데 성공했다. 크랙 소리 듣는 재미가 반 이상임ㅠㅠ,TRUE,1,TRUE,주말,아침,70
review_0019,macao_cookie_01,오븐스테이 성수,말차도둑,39,FALSE,만족,TRUE,반갈했을 때 크림 색이 너무 예쁨. 맛도 사진값은 한다.,TRUE,3,TRUE,주말,점심,70
review_0020,macao_cookie_01,오븐스테이 성수,소금빵말고쿠키,58,FALSE,만족,TRUE,"유행템 너무 기대하면 실망할까 봐 마음 비우고 갔는데 꽤 성공. 커스터드가 많아서 입안 가득 차는 느낌이 좋고, 계란향도 부담스럽진 않았음. 다만 가격이랑 웨이팅 생각하면 ‘또 갈래?’에는 약간 고민됨,, 그래도 한 번은 먹어볼 만해.",FALSE,0,FALSE,평일,아침,45
review_0021,macao_cookie_01,오븐스테이 성수,달다구리박사,72,TRUE,만족,TRUE,크림이 넉넉해서 좋았고 쿠키 부분이 생각보다 촉촉했음. 퍼석하지 않아서 만족. ㅎㅎ,FALSE,0,TRUE,평일,점심,50
review_0022,macao_cookie_01,오븐스테이 성수,퇴근후디저트,52,FALSE,만족,TRUE,반갈샷 찍고 먹는 재미가 확실함. 디저트가 이벤트처럼 느껴져서 좋았어욤,TRUE,2,TRUE,주말,저녁,60
review_0023,macao_cookie_01,오븐스테이 성수,리뷰쓰는햄스터,41,FALSE,만족,TRUE,먹기 전엔 과대평가 같았는데 먹고 나니 왜 저장 많이 되는지 알겠더라.,FALSE,0,FALSE,평일,점심,65
review_0024,macao_cookie_01,오븐스테이 성수,감성카페불신자,78,TRUE,만족,TRUE,"여긴 진짜 바이럴 메뉴가 왜 바이럴되는지 보여줌… 반 갈랐을 때 크림 색 예쁘고, 겉면이 딱딱하게 굳은 설탕막처럼 ‘톡’ 깨지는 게 영상 찍고 싶게 만듦. 맛은 달고 진한 편이라 단 거 좋아하는 친구는 완전 좋아했고, 나는 반 개까진 극락이었다 ㅎㅎ",FALSE,0,FALSE,주말,아침,60
review_0025,macao_cookie_01,오븐스테이 성수,사진부터찍음,39,FALSE,만족,TRUE,먹자마자 아 이래서 유명하구나 싶었음. 코팅 얇진 않은데 바삭하게 깨지는 느낌이 중독적이다.!!,TRUE,1,TRUE,평일,오후,50
review_0026,macao_cookie_01,오븐스테이 성수,오늘도반갈,74,TRUE,만족,TRUE,크림 많은 디저트 좋아하면 만족할 듯. 계란 커스터드가 꽤 진하고 부드러움.,FALSE,0,FALSE,평일,오전,50
review_0027,macao_cookie_01,오븐스테이 성수,노웨이팅최고,83,TRUE,만족,TRUE,오픈런까진 아닌데 40분 기다림... 그래도 크림 양 많고 계란과자 같은 향이 좋아서 만족.,FALSE,0,TRUE,평일,오후,35
review_0028,macao_cookie_01,오븐스테이 성수,마카오가보자고,86,TRUE,불만족,TRUE,가격이랑 웨이팅 생각하면 재방문은 안 할래요. 사진용으로는 예쁨. 📸,TRUE,2,FALSE,주말,오후,60
review_0029,macao_cookie_01,오븐스테이 성수,계란향감별러,64,FALSE,만족,TRUE,사진으로만 보면 그냥 예쁜 쿠키겠거니 했는데 식감이 재밌다. 겉은 꽤 바삭하게 깨지고 안은 부드러운 계란과자+커스터드 느낌? 성수 유명템치고 맛이 허무하진 않았음. 줄만 좀 짧으면 좋겠어요 제발…,TRUE,2,TRUE,평일,오전,50
review_0030,macao_cookie_01,오븐스테이 성수,먹어본사람,58,FALSE,만족,TRUE,"솔직히 웨이팅 보자마자 ‘내가 쿠키 하나 먹자고 이러고 있나…’ 싶었는데 첫입 먹고 납득함ㅋㅋ 겉 코팅 깨지는 소리가 진짜 시원하고, 안쪽 커스터드가 생각보다 묽지 않고 꽉 찬 느낌이라 좋았음. 다만 단맛은 꽤 강해서 아아 없이 먹으면 금방 물릴 듯 ☕",FALSE,0,TRUE,주말,저녁,70
review_0031,macao_cookie_01,오븐스테이 성수,성수디저트메이트,49,FALSE,만족,FALSE,,TRUE,2,TRUE,주말,오전,60
review_0032,macao_cookie_01,오븐스테이 성수,크림주의보,62,FALSE,불만족,TRUE,너무 달아서 두 입 먹고 물림... 유명한 이유는 알겠는데 내 취향은 아니었다.,FALSE,0,TRUE,평일,저녁,40
review_0033,macao_cookie_01,오븐스테이 성수,호불호탐지기,59,FALSE,만족,TRUE,맛은 확실히 있음!! 근데 나처럼 단 거 좋아하는 사람 기준으로 맛있다는 말임.,FALSE,0,TRUE,주말,아침,40
review_0034,macao_cookie_01,오븐스테이 성수,빵또아님,68,FALSE,만족,TRUE,줄만 좀 짧으면 재방문 의사 있음. 맛 자체는 성수에서 먹은 디저트 중 상위권. ㅎㅎ,FALSE,0,FALSE,평일,오후,40
review_0035,macao_cookie_01,오븐스테이 성수,먹킷리스트,94,TRUE,만족,TRUE,릴스에서 보던 그 소리 진짜 남. 겉 코팅 깨질 때 쾌감 있고 크림도 듬뿍이라 한 번쯤 먹어볼 만함! ✨,FALSE,0,TRUE,주말,아침,70
review_0036,macao_cookie_01,오븐스테이 성수,디저트과몰입,58,FALSE,만족,TRUE,코팅이 고급스럽게 깨진다기보단 와장창 느낌인데 그게 또 매력 있음. ㅎㅎ,FALSE,0,TRUE,주말,오후,70
review_0037,macao_cookie_01,오븐스테이 성수,오븐냄새좋아,91,TRUE,만족,TRUE,"오븐스테이는 확실히 첫 경험으로 좋음. 크랙감 강하고 크림 많고 딱 사람들이 릴스에 올릴 만한 요소가 다 있음 !.! 대신 섬세한 맛이라기보다는 직관적으로 달고 화려한 맛이라, 덜 단 거 좋아하는 사람은 한입 먹고 멈출 수도.",TRUE,1,TRUE,평일,아침,60
review_0038,macao_cookie_01,오븐스테이 성수,커피랑먹자,67,FALSE,만족,FALSE,,FALSE,0,TRUE,평일,아침,70
review_0039,macao_cookie_01,오븐스테이 성수,반갈샷중독,60,FALSE,만족,TRUE,친구랑 반 나눠먹었는데 둘 다 맛있다고 함. 꽤 달아서 혼자 하나 다 먹으면 물릴 수도. 😋,FALSE,0,TRUE,주말,저녁,45
review_0040,macao_cookie_01,오븐스테이 성수,카페지도저장러,72,TRUE,만족,FALSE,,FALSE,0,TRUE,주말,저녁,55
review_0041,macao_cookie_01,오븐스테이 성수,디저트유목민,41,FALSE,만족,TRUE,유명세 때문에 기대 낮추고 갔는데 생각보다 맛있었다. 웨이팅만 빼면 괜찮음.,FALSE,0,TRUE,주말,오후,70
review_0042,macao_cookie_01,오븐스테이 성수,먹는게남는거,83,TRUE,만족,TRUE,비싸긴 한데 크림 양이 많아서 납득은 됨. 가벼운 간식보단 디저트 한 끼 느낌.,FALSE,0,TRUE,주말,오후,70
review_0043,macao_cookie_01,오븐스테이 성수,주말성수러,48,FALSE,만족,TRUE,"겉은 빠삭, 안은 크림 폭탄. 이런 거 좋아하는 사람은 그냥 가세요.",TRUE,1,TRUE,주말,오전,55
review_0044,macao_cookie_01,오븐스테이 성수,혼카페러,59,FALSE,만족,TRUE,평일 낮인데도 대기 있었음. 그래도 회전은 생각보다 빨랐고 맛도 납득 가능.,FALSE,0,TRUE,주말,저녁,55
review_0045,macao_cookie_01,오븐스테이 성수,크랙소리수집가,38,FALSE,만족,FALSE,,TRUE,4,TRUE,평일,오후,55
review_0046,macao_cookie_01,오븐스테이 성수,쿠키는바삭해야,78,TRUE,불만족,TRUE,기대가 너무 컸나 봄. 맛은 있는데 1시간 가까이 기다릴 맛은 절대 아님ㅋㅋ..,TRUE,2,TRUE,주말,아침,45
review_0047,macao_cookie_01,오븐스테이 성수,크림은진해야,41,FALSE,만족,TRUE,웨이팅 긴 거 알고 갔는데도 사람 많아서 놀람. 그래도 유행템 체험용으로는 만족.,TRUE,2,TRUE,주말,저녁,45
review_0048,macao_cookie_01,오븐스테이 성수,단맛조절필요,64,FALSE,만족,TRUE,사진 찍는 사람 많아서 정신없었지만 맛은 확실히 좋았음. 성수 유행템 그 자체.,TRUE,1,FALSE,주말,아침,55
review_0049,macao_cookie_01,오븐스테이 성수,내돈내산러,81,TRUE,만족,FALSE,,TRUE,4,TRUE,평일,아침,70
review_0050,macao_cookie_01,오븐스테이 성수,후식배따로,53,FALSE,만족,TRUE,한입 먹자마자 친구가 와 이거 찐이다 함. 딱 그런 반응 나오는 맛!,FALSE,0,FALSE,주말,오후,40
review_0051,macao_cookie_01,오븐스테이 성수,간식연구원,73,TRUE,만족,TRUE,비주얼로만 뜬 줄 알았는데 맛도 꽤 괜찮았다. 다만 단맛이 세서 아메리카노 필수.,TRUE,4,FALSE,주말,오후,50
review_0052,macao_cookie_01,오븐스테이 성수,성수산책러,39,FALSE,만족,FALSE,,TRUE,2,TRUE,주말,오전,40
review_0053,macao_cookie_02,데일리빈 성수역점,우유랑먹음,81,TRUE,만족,FALSE,,FALSE,0,TRUE,평일,오전,0
review_0054,macao_cookie_02,데일리빈 성수역점,진한맛파,55,FALSE,불만족,TRUE,만족 누르기 애매한 맛. 싸니까 이해는 하는데 추천은 못 하겠다;,FALSE,0,TRUE,평일,오전,0
review_0055,macao_cookie_02,데일리빈 성수역점,덜단거좋아,69,FALSE,만족,TRUE,"데일리빈은 그냥 편한 게 장점임. 성수역에서 바로 사고 바로 먹을 수 있어서 좋았고, 가격도 다른 데 비하면 부담 없음. 엄청난 크랙감이나 진한 커스터드를 기대하면 안 되는데, ‘유행템 맛만 가볍게 보고 싶다’면 괜찮은 선택지.",FALSE,0,TRUE,주말,아침,0
review_0056,macao_cookie_02,데일리빈 성수역점,버터향찾는중,50,FALSE,만족,TRUE,맛집 찾아갈 시간 없어서 먹었는데 괜찮았음ㅎㅎ 편의성이 장점.,FALSE,0,TRUE,평일,저녁,0
review_0057,macao_cookie_02,데일리빈 성수역점,딱한입만,66,FALSE,불만족,TRUE,프랜차이즈라 어느 정도 예상은 했지만 너무 안전한 맛… 커스터드도 약하고 코팅도 약하고 전체적으로 기억에 안 남았다. 대기 없는 건 좋았지만 맛으로 추천하긴 애매.,FALSE,0,TRUE,주말,저녁,0
review_0058,macao_cookie_02,데일리빈 성수역점,포장해감,83,TRUE,만족,TRUE,대기 없어서 좋았고 가격도 부담 없었음. 크랙감은 약하지만 커피랑 먹기 무난해요.,FALSE,0,TRUE,평일,저녁,0
review_0059,macao_cookie_02,데일리빈 성수역점,웨이팅싫어,49,FALSE,만족,TRUE,프차 시즌 메뉴라 큰 기대 안 했는데 생각보다 나쁘지 않았다. 코팅이 막 톡 깨지는 느낌은 약하지만 계란과자 향이 은은하고 너무 달지 않아서 오히려 편하게 먹힘. 화려한 맛은 아니고 무난한 간식 쪽 🙂,TRUE,2,TRUE,평일,저녁,0
review_0060,macao_cookie_02,데일리빈 성수역점,웨이팅한사람,96,TRUE,만족,FALSE,,TRUE,3,FALSE,평일,오전,0
review_0061,macao_cookie_02,데일리빈 성수역점,에그타르트러버,63,FALSE,만족,TRUE,프랜차이즈라 별 기대 안 했는데 생각보다 나쁘지 않았다. 계란과자 향 살짝 남.,FALSE,0,TRUE,평일,오전,0
review_0062,macao_cookie_02,데일리빈 성수역점,카페투어중,60,FALSE,만족,FALSE,,FALSE,0,TRUE,평일,점심,0
review_0063,macao_cookie_02,데일리빈 성수역점,입맛까다로움,44,FALSE,불만족,TRUE,유행이라 사봤는데 기억에 남는 맛이 없음. 다음엔 다른 곳 갈래....,TRUE,1,TRUE,주말,오전,0
review_0064,macao_cookie_02,데일리빈 성수역점,커스터드중독,73,TRUE,불만족,TRUE,아무리 프차라지만 너무 안전하게 만든 맛. 그냥 유명한데 가세요..,TRUE,2,TRUE,평일,아침,0
review_0065,macao_cookie_02,데일리빈 성수역점,디저트로기분전환,60,FALSE,불만족,TRUE,계란과자 향은 나는데 크림이 없어서 목 막힘. 커피 없으면 힘들어요.,FALSE,0,FALSE,주말,점심,0
review_0066,macao_cookie_02,데일리빈 성수역점,릴스보고옴,85,TRUE,불만족,TRUE,가격은 싼데 그만큼 평범함. 마카오 크랙쿠키라기엔 완성도가 낮아 보임.,FALSE,0,TRUE,평일,점심,0
review_0067,macao_cookie_02,데일리빈 성수역점,맛잘알되고싶다,46,FALSE,만족,TRUE,출근 전에 사 먹었는데 대기 없어서 최고. 맛은 평범하지만 가격 생각하면 만족.,FALSE,0,TRUE,평일,저녁,0
review_0068,macao_cookie_02,데일리빈 성수역점,빵순아님빵왕,60,FALSE,만족,FALSE,,FALSE,0,TRUE,평일,오후,0
review_0069,macao_cookie_02,데일리빈 성수역점,하루한디저트,46,FALSE,만족,TRUE,"줄 서는 거 싫어해서 여기로 왔는데 나름 만족. 유명 카페들처럼 크림이 터지는 스타일은 아니지만 깔끔하고 가볍다. 커피랑 같이 먹으면 괜찮고, 가격 생각하면 불평하기 애매함ㅋㅋ",FALSE,0,TRUE,주말,점심,0
review_0070,macao_cookie_02,데일리빈 성수역점,성수근처사는사람,93,TRUE,만족,FALSE,,FALSE,0,TRUE,주말,오후,0
review_0071,macao_cookie_02,데일리빈 성수역점,오후당충전,63,FALSE,만족,TRUE,가성비는 여기가 제일 낫다. 성수에서 3천원대면 일단 감사함.,FALSE,0,FALSE,주말,아침,0
review_0072,macao_cookie_02,데일리빈 성수역점,달면다좋아,50,FALSE,만족,TRUE,달지 않아서 나는 괜찮았음. 화려한 맛은 아니고 진짜 무난한 간식.,TRUE,1,TRUE,평일,점심,0
review_0073,macao_cookie_02,데일리빈 성수역점,담백파인데,41,FALSE,불만족,FALSE,,FALSE,0,TRUE,평일,오전,0
review_0074,macao_cookie_02,데일리빈 성수역점,기대컨실패,62,FALSE,불만족,TRUE,사진도 맛도 너무 무난. 리뷰 보고 기대했으면 실망했을 듯.,TRUE,2,TRUE,평일,오전,0
review_0075,macao_cookie_02,데일리빈 성수역점,재방문고민중,60,FALSE,만족,TRUE,크림은 적은데 그래서 오히려 덜 느끼함. 가볍게 하나 먹기엔 좋았다.,FALSE,0,TRUE,평일,오후,0
review_0076,macao_cookie_02,데일리빈 성수역점,찐후기씀,50,FALSE,만족,TRUE,단짠은 약하지만 질리지 않는 맛. 나는 너무 진한 것보다 이게 편했다. ✨,TRUE,1,TRUE,주말,점심,0
review_0077,macao_cookie_02,데일리빈 성수역점,예쁜거좋아,58,FALSE,만족,TRUE,엄청난 맛은 아닌데 자꾸 손이 가는 담백한 쪽. 나는 나쁘지 않았어.,FALSE,0,FALSE,주말,오후,0
review_0078,macao_cookie_02,데일리빈 성수역점,원조맛찾음,38,FALSE,만족,FALSE,,FALSE,0,FALSE,주말,점심,0
review_0079,macao_cookie_02,데일리빈 성수역점,비주얼에약함,81,TRUE,불만족,FALSE,,TRUE,1,TRUE,주말,오전,0
review_0080,macao_cookie_02,데일리빈 성수역점,먹고울뻔,54,FALSE,만족,TRUE,엄청 특별한 메뉴라기보단 괜찮은 디저트 신메뉴. 그래도 가격 때문에 만족.,FALSE,0,TRUE,평일,점심,0
review_0081,macao_cookie_02,데일리빈 성수역점,무난한게좋아,78,TRUE,불만족,TRUE,겉 코팅이 거의 안 느껴짐. 이름에 비해 식감 포인트가 약해서 아쉬웠다.,TRUE,3,FALSE,주말,오전,0
review_0082,macao_cookie_02,데일리빈 성수역점,계란맛좋아,45,FALSE,만족,TRUE,마카오 크랙쿠키가 뭔지 궁금해서 먹었는데 입문용으로 괜찮았어요.,TRUE,1,TRUE,평일,점심,0
review_0083,macao_cookie_02,데일리빈 성수역점,커스터드냠,55,FALSE,불만족,TRUE,겉이 바삭하지 않고 약간 말라 있는 느낌이었다. 내 거만 그랬나?ㅠㅠ,FALSE,0,TRUE,평일,오전,0
review_0084,macao_cookie_02,데일리빈 성수역점,사진찍고먹기,90,TRUE,만족,TRUE,커피랑 세트로 먹으니 괜찮다. 단독으로는 조금 심심할 수 있음.,TRUE,1,FALSE,주말,점심,0
review_0085,macao_cookie_02,데일리빈 성수역점,줄서는거싫다,53,FALSE,불만족,TRUE,이름은 마카오 크랙쿠키인데 크랙이 거의 안 느껴졌음. 그냥 부드러운 계란쿠키에 가까워서 좀 아쉬웠다. 싸고 편한 건 맞는데 유행템 특유의 재미가 부족함.,TRUE,1,FALSE,주말,오전,0
review_0086,macao_cookie_02,데일리빈 성수역점,달달구리수집,40,FALSE,만족,TRUE,성수역 바로 근처라 그냥 사 먹기 편함. 큰 기대 안 하면 꽤 괜찮은 시즌 디저트.,FALSE,0,FALSE,주말,점심,0
review_0087,macao_cookie_02,데일리빈 성수역점,마카오쿠키입문,81,TRUE,만족,FALSE,,FALSE,0,TRUE,평일,오전,0
review_0088,macao_cookie_02,데일리빈 성수역점,먹어보고말함,62,FALSE,만족,TRUE,유행템 맛만 보고 싶으면 여기 괜찮음. 굳이 줄 서기 싫은 사람한테 추천.,FALSE,0,FALSE,평일,아침,0
review_0089,macao_cookie_02,데일리빈 성수역점,반반취향,53,FALSE,불만족,TRUE,"반 갈랐는데 크림이 생각보다 적어서 사진 찍을 맛도 안 남. 가격이 싸서 이해는 하는데, 마카오 크랙쿠키를 제대로 먹어봤다는 느낌은 안 들었음ㅠ",FALSE,0,TRUE,주말,점심,0
review_0090,macao_cookie_02,데일리빈 성수역점,성수갈때마다,82,TRUE,만족,TRUE,"엄청 특별하진 않음. 근데 대기 없고 3천원대라서 갑자기 당 떨어질 때 먹기 좋다. 크랙쿠키 입문용? 그런 느낌. ‘인생 디저트’를 기대하면 실망, ‘궁금해서 먹어봄’이면 괜찮음.",TRUE,3,FALSE,주말,아침,0
review_0091,macao_cookie_02,데일리빈 성수역점,후회없는간식,64,FALSE,만족,TRUE,대기 없이 바로 산 게 제일 좋았음. 유행 메뉴를 가볍게 체험하는 느낌.,TRUE,1,TRUE,주말,저녁,0
review_0092,macao_cookie_02,데일리빈 성수역점,크림과자러버,92,TRUE,만족,TRUE,가볍게 먹기 좋아요. 크림 많은 거 싫으면 여기 나쁘지 않음.,FALSE,0,TRUE,주말,아침,0
review_0093,macao_cookie_02,데일리빈 성수역점,디저트취향확고,51,FALSE,만족,FALSE,,TRUE,1,TRUE,주말,저녁,0
review_0094,macao_cookie_02,데일리빈 성수역점,또먹을지도,58,FALSE,만족,TRUE,가볍고 깔끔해서 재구매 의사 있음. 대신 바이럴 사진 같은 건 기대하면 안 됨.,FALSE,0,FALSE,주말,점심,0
review_0095,macao_cookie_02,데일리빈 성수역점,쿠키한입,58,FALSE,만족,TRUE,성수역점 직원분 빠르게 응대해줘서 좋았고 쿠키도 따뜻할 때 먹으니 괜찮았다. 😋,TRUE,2,TRUE,주말,오전,0
review_0096,macao_cookie_02,데일리빈 성수역점,카페메모장,72,TRUE,불만족,TRUE,크림 양이 너무 적어요. 반 갈랐는데 사진 찍을 것도 별로 없었음.,TRUE,1,TRUE,평일,저녁,0
review_0097,macao_cookie_03,베이크포레 연무장,커스터드러버,59,FALSE,불만족,TRUE,평이 좋아서 기대했는데 나는 좀 얌전하게 느껴졌음. 단맛 세고 크림 많은 스타일을 좋아하면 오븐스테이 쪽이 더 맞을 듯. 맛없다는 건 아니고 내 취향과 방향이 달랐다.,FALSE,0,TRUE,평일,오후,20
review_0098,macao_cookie_03,베이크포레 연무장,찐득한거좋아,64,FALSE,불만족,TRUE,"찾아가는 길이 애매했고, 생각보다 크랙 소리가 강하진 않았다. 섬세한 맛인 건 알겠는데 유행템다운 임팩트를 기대하면 조금 심심할 수 있음.",TRUE,1,TRUE,평일,오전,25
review_0099,macao_cookie_03,베이크포레 연무장,꾸덕파,79,TRUE,만족,TRUE,"연무장길 안쪽이라 살짝 찾아가야 하는데 그 수고가 아깝진 않았음. 코팅이 얇게 깨지면서 쿠키가 촉촉하게 씹히는 게 좋고, 커스터드도 계란향이 부담스럽지 않다. 재방문 의사 있음!!",FALSE,0,FALSE,주말,아침,10
review_0100,macao_cookie_03,베이크포레 연무장,느끼하면탈락,83,TRUE,만족,TRUE,단맛 강한 디저트 먹으면 금방 질리는 편인데 여긴 밸런스가 좋음. 솔티 포인트가 은근히 있어서 커스터드가 더 고소하게 느껴진다. 막 ‘와 비주얼 미쳤다’는 아닌데 먹고 나서 계속 생각나는 쪽.,TRUE,1,TRUE,평일,오전,10
review_0101,macao_cookie_03,베이크포레 연무장,부드러운맛파,79,TRUE,만족,TRUE,"여기 진짜 내 취향 버튼 누른 줄… 겉 코팅이 과하게 두껍지 않고 얇게 ‘톡’ 깨지는데, 안쪽 쿠키 바디는 촉촉하고 커스터드는 진함. 단맛만 때려넣은 게 아니라 끝에 살짝 짭짤해서 계속 먹게 됨. 바삭+버터리+단짠 좋아하는 사람은 베이크포레 꼭 가세요 제발 🥹",TRUE,1,TRUE,주말,오전,25
review_0102,macao_cookie_03,베이크포레 연무장,바삭하면합격,75,TRUE,만족,TRUE,"여긴 마니아들이 조용히 가는 맛집 느낌. 반갈샷 화려하진 않아도 맛 완성도가 좋다., 여기 더 유명해져야돼..아니 유명해지지마…..😭",TRUE,1,FALSE,평일,오전,5
review_0103,macao_cookie_03,베이크포레 연무장,오독오독파,86,TRUE,만족,TRUE,이건 마니아층 생길 맛임. 겉 크랙감으로 어그로 끌고 끝나는 게 아니라 안쪽 완성도가 좋다. 버터향 좋아하고 너무 단 거 싫은 사람은 여기 가면 행복할 확률 높음 ㅠㅠ ㅎㅎ,TRUE,2,TRUE,주말,오후,15
review_0104,macao_cookie_03,베이크포레 연무장,달지않게요,77,TRUE,만족,TRUE,내가 원하던 마카오 크랙쿠키가 이거였음. 겉은 얇게 깨지고 속은 부드러운데 느끼하지 않다🥹,TRUE,1,TRUE,평일,아침,20
review_0105,macao_cookie_03,베이크포레 연무장,친구따라옴,96,TRUE,만족,TRUE,"나랑 취향 비슷한 사람이라면 여기 진짜 추천. 너무 달고 크림 많은 스타일보다, 식감이랑 풍미 밸런스 보는 사람들한테 맞을 듯. 작은 카페라 리뷰는 적은데 만족도 높은 이유 알겠음.",TRUE,1,TRUE,주말,오후,5
review_0106,macao_cookie_03,베이크포레 연무장,커스터드평론가,73,TRUE,만족,TRUE,"진짜 과장 아니고 내가 원하던 크랙쿠키에 제일 가까웠다. 겉은 얇고 바삭, 속은 부드럽고 살짝 쫀득, 크림은 진하지만 안 물림. 이런 식감 취향이면 여기 저장해두세요… 유명해지면 웨이팅 길어질까 봐 무섭다ㅋㅋ",TRUE,1,FALSE,평일,저녁,15
review_0107,macao_cookie_03,베이크포레 연무장,오픈런못함,56,FALSE,만족,TRUE,"오븐스테이처럼 화려한 바이럴 느낌은 아닌데, 먹잘알들이 좋아할 맛은 여기가 맞는 듯. 커스터드가 진한데 느끼하지 않고 쿠키가 퍼석하지 않음. 리뷰 수 적어서 걱정했는데 오히려 조용히 잘 만든 디저트 발견한 느낌.",FALSE,0,TRUE,평일,오전,10
review_0108,macao_cookie_03,베이크포레 연무장,웨이팅포기각,79,TRUE,만족,TRUE,"바삭한 거, 버터향, 과하지 않은 단맛 좋아하면 베이크포레 꼭 가야 됨. 나랑 취향 비슷한 사람들 제발 여기로.",TRUE,3,FALSE,주말,아침,5
review_0109,macao_cookie_03,베이크포레 연무장,저장만백개,83,TRUE,불만족,FALSE,,TRUE,1,TRUE,주말,오후,15
review_0110,macao_cookie_03,베이크포레 연무장,디저트맵핑,76,TRUE,만족,TRUE,오바 좀 보태서 성수에서 먹은 크랙쿠키 중 제일 내 취향. 솔티 포인트가 신의 한 수임.ㄷ,TRUE,1,TRUE,평일,오후,5
review_0111,macao_cookie_03,베이크포레 연무장,혼자두개먹음,77,TRUE,만족,TRUE,"베이크포레는 설명이 어렵다. 첫입은 조용한데 두입째부터 ‘어? 이거 잘 만들었네’ 싶고, 다 먹고 나면 다른 데보다 여기가 기억남. 바삭한 코팅, 촉촉한 쿠키, 버터향, 진한 커스터드가 따로 놀지 않음 ✨",FALSE,0,TRUE,주말,오후,20
review_0112,macao_cookie_03,베이크포레 연무장,패키지수집가,55,FALSE,불만족,FALSE,,TRUE,1,FALSE,주말,오전,20
review_0113,macao_cookie_04,서울숲타르트,맛보다식감,50,FALSE,만족,TRUE,여긴 크랙 소리로 승부하는 곳은 아니고 커스터드 맛으로 승부함. 크림 농도가 묵직하고 고소해서 한입 먹자마자 ‘아 타르트 전문점이구나’ 싶었음. 계란향 괜찮은 사람한테 추천 👍,FALSE,0,TRUE,평일,저녁,10
review_0114,macao_cookie_04,서울숲타르트,연무장걷는중,87,TRUE,불만족,TRUE,커스터드가 진한 건 인정하는데 나한텐 계란향이 너무 강했다. 쿠키로 먹으니까 에그타르트보다 향이 더 직접적으로 느껴짐....,TRUE,1,TRUE,평일,저녁,30
review_0115,macao_cookie_04,서울숲타르트,서울숲간식,87,TRUE,만족,TRUE,달달한데 고소하고 묵직함. 식후 디저트로 하나 나눠 먹기 좋았음.!!,TRUE,1,TRUE,평일,오후,20
review_0116,macao_cookie_04,서울숲타르트,역근처간식,44,FALSE,만족,TRUE,에그타르트 맛을 기대하고 갔는데 정확히 그쪽이라 만족. 크랙쿠키라는 이름이 신기할 뿐.!!,TRUE,1,FALSE,평일,오후,30
review_0117,macao_cookie_04,서울숲타르트,바닐라좋아,52,FALSE,불만족,TRUE,진한 건 알겠는데 조금 느끼했다. 한입은 맛있고 뒤로 갈수록 무거움.,TRUE,1,TRUE,평일,아침,25
review_0118,macao_cookie_04,서울숲타르트,일단저장,55,FALSE,만족,TRUE,느끼할까 봐 걱정했는데 생각보다 깔끔했음. 다만 진한 맛 싫으면 힘들 수도.,TRUE,3,TRUE,주말,저녁,20
review_0119,macao_cookie_04,서울숲타르트,유행템체험단,95,TRUE,만족,TRUE,커스터드가 찐해서 좋다.. 이런 맛은 프차에서 안 나옴.,TRUE,1,TRUE,주말,아침,30
review_0120,macao_cookie_04,서울숲타르트,재고있나요,41,FALSE,만족,TRUE,쿠키 바디가 막 바삭한 스타일은 아닌데 속 크림이 맛있어서 넘어감. 마카오 에그타르트 좋아했던 사람이라면 추억 보정까지 들어갈 맛…ㅎㅎ,TRUE,1,TRUE,주말,아침,35
review_0121,macao_cookie_04,서울숲타르트,크림양중요,74,TRUE,만족,FALSE,,TRUE,2,TRUE,주말,오후,25
review_0122,macao_cookie_04,서울숲타르트,덜느끼한맛,80,TRUE,불만족,FALSE,,FALSE,0,TRUE,평일,저녁,20
review_0123,macao_cookie_04,서울숲타르트,에그향괜찮음,92,TRUE,만족,TRUE,커스터드 질감이 부드럽고 밀도 있음. 싸구려 크림맛 아니라서 좋았어요. ✨,TRUE,1,TRUE,주말,점심,25
review_0124,macao_cookie_04,서울숲타르트,달달함한도초과,50,FALSE,만족,TRUE,겉 코팅은 얇고 안쪽은 부드럽다. 시끄러운 바이럴템보다 잘 만든 디저트 느낌.,TRUE,1,FALSE,주말,오후,35
review_0125,macao_cookie_04,서울숲타르트,초코도먹어봄,55,FALSE,불만족,TRUE,이름은 크랙쿠키인데 식감 재미는 약함. 맛은 잘 만들었지만 내가 기대한 ‘톡 깨지는 유행템’ 느낌은 아니었다.ㅠㅠ,TRUE,2,TRUE,평일,점심,25
review_0126,macao_cookie_04,서울숲타르트,말차는못참아,90,TRUE,만족,TRUE,전체적으로 안정적인 맛. 유명세보다 실력으로 만족시키는 타입. ✨,FALSE,0,TRUE,주말,오후,20
review_0127,macao_cookie_04,서울숲타르트,솔티좋아,78,TRUE,만족,TRUE,친구는 계란향 세다 했는데 나는 그게 좋았음. 호불호는 확실히 있을 듯.,FALSE,0,FALSE,평일,오전,20
review_0128,macao_cookie_04,서울숲타르트,기본이제일,38,FALSE,만족,TRUE,반갈하면 크림이 예쁘게 보이고 향이 확 올라옴. 먹기 전부터 기대됨 ㅎㅎ,TRUE,3,TRUE,주말,아침,20
review_0129,macao_cookie_04,서울숲타르트,사진보다맛,78,TRUE,불만족,TRUE,가격이 좀 세게 느껴졌다. 커스터드 맛은 좋은데 크기가 작아서 먹고 나니 살짝 아쉬움…,FALSE,0,TRUE,주말,점심,10
review_0130,macao_cookie_04,서울숲타르트,맛없으면안참음,62,FALSE,만족,TRUE,계란 풍미가 이렇게 진한 크랙쿠키는 처음. 나는 완전 만족 쪽,TRUE,1,TRUE,평일,저녁,35
review_0131,macao_cookie_04,서울숲타르트,먹고나서말함,78,TRUE,만족,TRUE,계란향 호불호 있다는 말 이해됨. 근데 나는 그 진한 맛이 좋아서 만족 눌렀다. 뭔가 대충 유행 따라 만든 메뉴가 아니라 자기 전문 분야로 해석한 느낌.,FALSE,0,TRUE,주말,오전,15
review_0132,macao_cookie_04,서울숲타르트,계란향가능,85,TRUE,만족,TRUE,서울숲타르트는 확실히 전문점 느낌이 난다. 커스터드가 진하고 계란향이 또렷해서 에그타르트 좋아하는 사람은 꽤 만족할 듯. 크랙쿠키라기보단 에그타르트를 쿠키로 바꾼 느낌인데 그게 오히려 장점이었다.,TRUE,3,TRUE,주말,오후,35
review_0133,macao_cookie_04,서울숲타르트,쿠키말고타르트,61,FALSE,만족,TRUE,겉이 과하게 달지 않아서 안쪽 크림 맛이 더 잘 느껴졌다. 전체적으로 완성도 있음.!!,FALSE,0,TRUE,주말,오후,15
review_0134,macao_cookie_04,서울숲타르트,성수또감,43,FALSE,만족,TRUE,"비주얼은 ㅁㄷㅂㅇㅌ가 더 예쁠 수 있는데, 맛의 밀도는 서울숲타르트가 더 좋았다. 커스터드가 진짜 꽉 차 있고 끝맛이 고소함.",TRUE,2,TRUE,주말,점심,30
review_0135,macao_cookie_04,서울숲타르트,작은카페좋아,81,TRUE,만족,TRUE,원조 느낌 궁금해서 갔는데 성공. 크림 농도가 진짜 마음에 들었다.,TRUE,1,TRUE,평일,오전,10
review_0136,macao_cookie_04,서울숲타르트,사진부터찍음,69,FALSE,만족,FALSE,,TRUE,1,TRUE,주말,오전,35
review_0137,macao_cookie_04,서울숲타르트,두입컷,67,FALSE,만족,TRUE,서울숲 산책하다 먹기 좋음. 따뜻할 때 먹으니까 크림이 더 부드러웠다. ✨,FALSE,0,TRUE,주말,오후,25
review_0138,macao_cookie_04,서울숲타르트,카페디저트러,93,TRUE,만족,TRUE,진한 맛 좋아해서 완전 만족. 요즘 유행 디저트들 너무 달기만 한 경우 많은데 여기는 단맛보다 커스터드 풍미가 먼저 온다. 커피랑 같이 먹으면 밸런스 좋음.,FALSE,0,TRUE,평일,저녁,30
review_0139,macao_cookie_04,서울숲타르트,먹방친구,77,TRUE,만족,TRUE,크랙감은 화려하지 않은데 커스터드 맛이 압도적이라 만족. 커피랑 먹으면 진짜 좋음.,TRUE,2,TRUE,평일,아침,35
review_0140,macao_cookie_04,서울숲타르트,평일방문러,59,FALSE,만족,FALSE,,TRUE,1,TRUE,주말,아침,25
review_0141,macao_cookie_04,서울숲타르트,주말피했다,75,TRUE,만족,FALSE,,TRUE,1,TRUE,평일,오후,25
review_0142,macao_cookie_04,서울숲타르트,반신반의,84,TRUE,만족,TRUE,크랙 소리보다 맛 자체로 승부하는 곳. 나는 이런 쪽이 더 믿음직함.,FALSE,0,TRUE,주말,오전,10
review_0143,macao_cookie_04,서울숲타르트,설탕코팅좋아,83,TRUE,만족,TRUE,커스터드가 진짜 진하다. 에그타르트 좋아하면 서울숲타르트는 꽤 높은 확률로 만족할 듯.,TRUE,1,TRUE,평일,오전,10
review_0144,macao_cookie_05,무드바이트,크림느끼주의,72,TRUE,만족,TRUE,웨이팅 없는 유행템이라 좋았다. 성수에서 시간 없을 때 들르기 괜찮음. ...ㅠㅠ,TRUE,1,FALSE,주말,아침,0
review_0145,macao_cookie_05,무드바이트,밸런스중요,77,TRUE,만족,TRUE,기본맛은 평범했는데 솔티카라멜은 꽤 맛있었다. 다음엔 그거만 살 듯.,FALSE,0,FALSE,평일,오후,0
review_0146,macao_cookie_05,무드바이트,제발덜달게,92,TRUE,만족,TRUE,기본 커스터드보다 초코가 더 기억에 남음. 디저트 여러 개 사서 나눠 먹기 좋다.,TRUE,3,FALSE,주말,오전,0
review_0147,macao_cookie_05,무드바이트,인스타보고감,46,FALSE,만족,TRUE,카페 자체가 예뻐서 경험 점수가 있음. 디저트도 그 분위기에는 잘 어울림.,FALSE,0,FALSE,평일,점심,0
review_0148,macao_cookie_05,무드바이트,저녁디저트,49,FALSE,만족,TRUE,예쁘고 달고 부드럽다. 딱 그걸 원하고 가면 실패 안 함.,FALSE,0,TRUE,주말,저녁,0
review_0149,macao_cookie_05,무드바이트,커피필수,95,TRUE,불만족,TRUE,사진은 진짜 예쁜데 맛은 좀 산만했음. 크랙쿠키라기보다 여러 맛 크림쿠키를 먹는 느낌이라 기본 메뉴의 정체성이 약했다,FALSE,0,TRUE,평일,오후,0
review_0150,macao_cookie_05,무드바이트,나름만족,92,TRUE,만족,TRUE,말차 크림이 쌉싸름해서 단맛을 잡아줌. 기본보다 변형맛이 강점인 듯.!!,TRUE,2,TRUE,평일,오후,0
review_0151,macao_cookie_05,무드바이트,맛있으면우는개구리,47,FALSE,만족,TRUE,기본 커스터드에 비해 변형맛이 더 개성 있음. 여러 맛 있는 건 장점!,TRUE,2,TRUE,주말,아침,0
review_0152,macao_cookie_05,무드바이트,아쉬운점있음,76,TRUE,불만족,FALSE,,TRUE,1,TRUE,주말,점심,0
review_0153,macao_cookie_05,무드바이트,맛은있네,58,FALSE,만족,TRUE,패키지 때문에 저장했다가 갔는데 실제로도 귀여움. 맛은 엄청 깊다기보다 달고 부드러운 크림쿠키 쪽. 그래도 기분전환용으로 좋았다 ㅎㅎ,TRUE,1,TRUE,주말,오후,0
review_0154,macao_cookie_05,무드바이트,먹어볼만함,55,FALSE,불만족,TRUE,맛 종류 많은 건 좋은데 기본기가 약한 느낌. 사진 찍을 땐 행복했는데 먹고 나면 기억에 남는 맛은 아니었음.,TRUE,3,FALSE,주말,아침,0
review_0155,macao_cookie_05,무드바이트,성수러버,68,FALSE,만족,TRUE,코팅이 엄청 파삭하진 않은데 크림이 부드러워서 괜찮았다. 사진값은 충분히 함.,FALSE,0,TRUE,평일,아침,0
review_0156,macao_cookie_05,무드바이트,디저트먹보,57,FALSE,만족,TRUE,여긴 기본맛보다 변형맛 먹는 재미가 있음. 솔티카라멜 먹었는데 확실히 달긴 하지만 단짠 느낌이 있어서 괜찮았어. 친구들이랑 여러 개 사서 나눠 먹기 좋음!,TRUE,4,FALSE,주말,저녁,0
review_0157,macao_cookie_05,무드바이트,쿠키먹보,52,FALSE,불만족,TRUE,패키지 보고 기대했는데 맛은 평범했다. 재방문은 안 할 듯.ㅠㅠ,TRUE,2,TRUE,평일,오전,0
review_0158,macao_cookie_05,무드바이트,성수기록자,72,TRUE,만족,TRUE,크랙감이 엄청 강한 건 아닌데 크림이 부드럽고 비주얼이 예뻐서 만족. 맛 하나만 보고 가기보다는 카페 분위기랑 사진까지 포함한 경험으로 보면 괜찮다. 📸,TRUE,1,TRUE,주말,점심,0
review_0159,macao_cookie_05,무드바이트,쿠키탐험가,75,TRUE,만족,FALSE,,TRUE,1,TRUE,평일,오전,0
review_0160,macao_cookie_05,무드바이트,디저트산책러,44,FALSE,만족,TRUE,친구 선물로 샀는데 반응 좋았음. 패키지가 한몫함.,TRUE,1,TRUE,평일,저녁,0
review_0161,macao_cookie_05,무드바이트,성수수집가,92,TRUE,만족,TRUE,친구들이랑 맛별로 나눠 먹었는데 재밌었음ㅋㅋ 유행템 즐기는 느낌.,FALSE,0,TRUE,평일,아침,0
review_0162,macao_cookie_05,무드바이트,솔티탐험가,91,TRUE,불만족,TRUE,너무 달아요… 진짜 예쁜데 한입 먹고 물림. 솔티카라멜도 생각보다 짠맛보다 단맛이 훨씬 강했다ㅠ,FALSE,0,TRUE,평일,저녁,0
review_0163,macao_cookie_05,무드바이트,성수산책러,92,TRUE,만족,TRUE,"말차, 초코, 기본 다 조금씩 먹어봤는데 말차가 제일 덜 물림. 기본 마카오 크랙쿠키 정체성은 약하지만, 예쁜 디저트 먹으러 간다고 생각하면 성공.",TRUE,4,FALSE,평일,아침,0
review_0164,macao_cookie_05,무드바이트,달달수집가,65,FALSE,만족,FALSE,,FALSE,0,FALSE,주말,점심,0
review_0165,macao_cookie_05,무드바이트,솔티러버,59,FALSE,만족,TRUE,웨이팅 없는 게 진짜 장점. 성수에서 시간 없는데 유행 디저트 먹고 싶을 때 들르기 좋다. 단맛 강한 편이라 커피는 필수 ☕,TRUE,1,TRUE,평일,아침,0
review_0166,macao_cookie_05,무드바이트,솔티먹보,68,FALSE,만족,FALSE,,FALSE,0,TRUE,주말,오후,0
review_0167,macao_cookie_05,무드바이트,커스터드먹보,45,FALSE,만족,TRUE,패키지 예뻐서 일단 기분 좋음. 기본도 괜찮고 말차맛이 생각보다 잘 어울렸다.,TRUE,2,TRUE,주말,오후,0
review_0168,macao_cookie_05,무드바이트,쿠키먹보,55,FALSE,만족,TRUE,"크랙쿠키라기엔 코팅감이 약한데, 그냥 크림쿠키로 생각하면 맛있다.",FALSE,0,TRUE,주말,오후,0
review_0169,macao_cookie_05,무드바이트,바삭산책러,42,FALSE,만족,TRUE,사진 찍기엔 여기 최고. 단면 색이 예뻐서 리뷰 올리고 싶어지는 비주얼.,TRUE,3,TRUE,평일,오후,0
review_0170,macao_cookie_05,무드바이트,커스터드러버,80,TRUE,만족,TRUE,말차맛은 생각보다 덜 달아서 좋았고 기본은 조금 달았음. 선택지 있는 게 좋네.,TRUE,3,TRUE,주말,오후,0
review_0171,macao_cookie_05,무드바이트,디저트감별러,49,FALSE,만족,FALSE,,TRUE,1,TRUE,주말,저녁,0
review_0172,macao_cookie_05,무드바이트,바삭감별러,94,TRUE,만족,TRUE,맛이 아주 깊진 않아도 기분전환용으로 좋음. 예쁜 디저트 먹고 싶을 때 추천.,TRUE,4,TRUE,평일,오후,0
review_0173,macao_cookie_05,무드바이트,달달먹보,56,FALSE,만족,TRUE,솔직히 비주얼 보고 갔는데 맛도 나쁘지 않아서 만족. 엄청 고급진 맛은 아니지만.,TRUE,3,TRUE,주말,오전,0
review_0174,macao_cookie_05,무드바이트,디저트기록자,68,FALSE,만족,TRUE,웨이팅 없어서 바로 샀고 맛 종류 많아서 고르는 재미가 있었다.,TRUE,2,FALSE,평일,아침,0
review_0175,macao_cookie_05,무드바이트,바삭러버,84,TRUE,만족,FALSE,,TRUE,2,TRUE,평일,저녁,0
review_0176,macao_cookie_05,무드바이트,바삭산책러,67,FALSE,만족,TRUE,크림 양 많고 포장도 예쁨. 선물용으로 사기엔 무드바이트가 제일 나아 보임.,FALSE,0,FALSE,평일,아침,0
review_0177,macao_cookie_05,무드바이트,성수러버,94,TRUE,불만족,TRUE,코팅이 눅눅해서 기대한 ‘톡 깨지는’ 식감이 거의 없었다. 비주얼은 인정인데 식감 중요하게 보면 아쉬울 듯.,TRUE,4,TRUE,평일,아침,0
review_0178,macao_cookie_05,무드바이트,달달먹보,56,FALSE,불만족,TRUE,사진용 디저트라는 말이 딱 맞음. 맛보다는 비주얼에 점수.,TRUE,3,TRUE,주말,오전,0
review_0179,macao_cookie_05,무드바이트,솔티수집가,74,TRUE,만족,TRUE,무드바이트는 진짜 사진이 잘 나옴📸 패키지도 예쁘고 단면 색도 예뻐서 선물용으로 좋을 듯. 기본 커스터드보다 말차맛이 덜 달고 잘 어울렸다.,TRUE,1,TRUE,평일,오전,0
review_0180,macao_cookie_05,무드바이트,커스터드러버,96,TRUE,불만족,FALSE,,TRUE,1,FALSE,주말,오후,0